song_name,album,recognition_date
Menachem 26 - Anka,Compilation 001 - EP,Tue Jul 27 23:27:29 2021
Robert Thompson & Joey Butler - Natsu No Niwa Suite: III. Helping Hands,Noviembre,Tue Jul 27 23:33:09 2021
Iorie Feat. Cesar B. - Kiss,Summer - EP,Tue Jul 27 23:34:24 2021
A La I. - 18,Hands Up,Tue Jul 27 23:35:34 2021
New Animal - Frightened,New Animal,Tue Jul 27 23:37:51 2021
ACHIM - Siyekeleni,No Rules,Tue Jul 27 23:44:58 2021
Aymos & Kabza De Small - iParty Yami,Yimi Lo,Tue Jul 27 23:45:18 2021
Aurlus Mabélé Feat. Loketo - Liste Rouge,King of Soukous (feat. Loketo),Tue Jul 27 23:46:04 2021
HENRY MWANJE - Awululu,Awululu - Single,Tue Jul 27 23:46:26 2021
Pamela Nkutha - Awusanginaki,Muranziwa,Tue Jul 27 23:50:20 2021
"Tavo DJ - Afro Dancehall Mixtape, Vol 6","Afro Dancehall Mixtape, Vol 6 - EP",Tue Jul 27 23:55:56 2021
Shidy Style - Ayi Ayi,Freedom,Tue Jul 27 23:57:33 2021
